Name,Age,Gender,Address
John Doe,25,Male,"123 Main St, New York, USA"
Jane Smith,32,Female,"456 Elm St, Los Angeles, USA"
Michael Johnson,45,Male,"789 Oak St, Chicago, USA"
Emily Davis,28,Female,"321 Pine St, San Francisco, USA"
Samantha Lee,36,Female,"987 Maple St, Seattle, USA"
David Brown,42,Male,"654 Birch St, Houston, USA"
Olivia Wilson,29,Female,"876 Cedar St, Miami, USA"
Daniel Taylor,31,Male,"543 Pine St, San Diego, USA"
Sophia Anderson,27,Female,"210 Oak St, Denver, USA"
Matthew Martinez,39,Male,"789 Elm St, Boston, USA"
Ava Thomas,33,Female,"432 Main St, Atlanta, USA"
James Robinson,47,Male,"765 Maple St, Dallas, USA"
Isabella Clark,26,Female,"987 Birch St, Phoenix, USA"
Ethan Wright,30,Male,"654 Cedar St, Philadelphia, USA"